{
  "best_config": {
    "lambda_bw_mon": 0.0,
    "lambda_IL_mon": 0.3,
    "lambda_vpiL": 0.005,
    "lambda_smooth": 0.1
  },
  "final_train_loss": 0.011141298338770866,
  "final_test_loss": 0.013557782396674156,
  "n_params": 619503
}